ID, User, nLos, D-Master, D-Slaver, D-Gate, Speed, x, y, z
0, 1, 0, 122, 141, 100, 0, 0, 0, 39
1, 1, 0, 127, 140, 100, 0, 0, 0, 41
2, 1, 0, 123, 139, 100, 0, 0, 0, 47
3, 1, 0, 121, 151, 100, 0, 0, 0, 52
4, 1, 0, 125, 139, 100, 0, 0, 0, 68
5, 1, 0, 122, 138, 100, 0, 0, 0, 65
6, 1, 0, 127, 142, 100, 0, 0, 0, 55
7, 1, 0, 125, 140, 100, 0, 0, 0, 56
8, 1, 0, 125, 138, 100, 0, 0, 0, 54
9, 1, 0, 122, 136, 100, 0, 0, 0, 54
10, 1, 0, 125, 140, 100, 0, 0, 0, 47
11, 1, 0, 124, 138, 100, 0, 0, 0, 49
12, 1, 0, 126, 139, 100, 0, 0, 0, 45
13, 1, 0, 126, 142, 100, 0, 0, 0, 44
14, 1, 0, 127, 140, 100, 0, 0, 0, 46
15, 1, 0, 124, 141, 100, 0, 0, 0, 49
16, 1, 0, 123, 140, 100, 0, 0, 0, 54
17, 1, 0, 122, 144, 100, 0, 0, 0, 56
18, 1, 0, 122, 136, 100, 0, 0, 0, 64
19, 1, 0, 123, 141, 100, 0, 0, 0, 57
20, 1, 0, 125, 141, 100, 0, 0, 0, 56
21, 1, 0, 123, 138, 100, 0, 0, 0, 58
22, 1, 0, 122, 141, 100, 0, 0, 0, 57
23, 1, 0, 122, 140, 100, 0, 0, 0, 60
24, 1, 0, 129, 142, 100, 0, 0, 0, 52
25, 1, 0, 124, 139, 100, 0, 0, 0, 55
26, 1, 0, 127, 137, 100, 0, 0, 0, 50
27, 1, 0, 123, 140, 100, 0, 0, 0, 48
28, 1, 0, 123, 153, 100, 0, 0, 0, 51
29, 1, 0, 125, 144, 100, 0, 0, 0, 71
30, 1, 0, 129, 140, 100, 0, 0, 0, 65
31, 1, 0, 126, 139, 100, 0, 0, 0, 59
32, 1, 0, 124, 136, 100, 0, 0, 0, 56
33, 1, 0, 124, 139, 100, 0, 0, 0, 50
34, 1, 0, 125, 138, 100, 0, 0, 0, 49
35, 1, 0, 124, 141, 100, 0, 0, 0, 48
36, 1, 0, 124, 139, 100, 0, 0, 0, 51
37, 1, 0, 125, 141, 100, 0, 0, 0, 50
38, 1, 0, 128, 143, 100, 0, 0, 0, 47
39, 1, 0, 126, 136, 100, 0, 0, 0, 51
40, 1, 0, 127, 139, 100, 0, 0, 0, 43
41, 1, 0, 126, 137, 100, 0, 0, 0, 42
42, 1, 0, 128, 141, 100, 0, 0, 0, 36
43, 1, 0, 124, 139, 100, 0, 0, 0, 44
44, 1, 0, 128, 136, 100, 0, 0, 0, 40
45, 1, 0, 125, 140, 100, 0, 0, 0, 37
46, 1, 0, 127, 137, 100, 0, 0, 0, 39
47, 1, 0, 128, 137, 100, 0, 0, 0, 34
48, 1, 0, 126, 137, 100, 0, 0, 0, 33
49, 1, 0, 126, 139, 100, 0, 0, 0, 33
50, 1, 0, 127, 138, 100, 0, 0, 0, 35
51, 1, 0, 123, 138, 100, 0, 0, 0, 39
52, 1, 0, 126, 136, 100, 0, 0, 0, 38
53, 1, 0, 124, 137, 100, 0, 0, 0, 38
54, 1, 0, 125, 138, 100, 0, 0, 0, 37
55, 1, 0, 128, 139, 100, 0, 0, 0, 35
56, 1, 0, 123, 138, 100, 0, 0, 0, 41
57, 1, 0, 125, 139, 100, 0, 0, 0, 41
58, 1, 0, 125, 138, 100, 0, 0, 0, 42
59, 1, 0, 128, 137, 100, 0, 0, 0, 38
60, 1, 0, 125, 137, 100, 0, 0, 0, 37
61, 1, 0, 127, 136, 100, 0, 0, 0, 35
62, 1, 0, 123, 136, 100, 0, 0, 0, 36
63, 1, 0, 127, 136, 100, 0, 0, 0, 32
64, 1, 0, 129, 137, 100, 0, 0, 0, 27
65, 1, 0, 126, 142, 100, 0, 0, 0, 29
66, 1, 0, 126, 141, 100, 0, 0, 0, 37
67, 1, 0, 128, 141, 100, 0, 0, 0, 39
68, 1, 0, 126, 140, 100, 0, 0, 0, 42
69, 1, 0, 127, 140, 100, 0, 0, 0, 42
70, 1, 0, 125, 139, 100, 0, 0, 0, 45
71, 1, 0, 125, 138, 100, 0, 0, 0, 45
72, 1, 0, 125, 142, 100, 0, 0, 0, 44
73, 1, 0, 122, 139, 100, 0, 0, 0, 53
74, 1, 0, 128, 138, 100, 0, 0, 0, 46
75, 1, 0, 121, 142, 100, 0, 0, 0, 50
76, 1, 0, 121, 140, 100, 0, 0, 0, 58
77, 1, 0, 127, 138, 100, 0, 0, 0, 53
78, 1, 0, 128, 140, 100, 0, 0, 0, 45
79, 1, 0, 128, 140, 100, 0, 0, 0, 43
80, 1, 0, 128, 140, 100, 0, 0, 0, 41
81, 1, 0, 122, 141, 100, 0, 0, 0, 48
82, 1, 0, 126, 141, 100, 0, 0, 0, 49
83, 1, 0, 129, 140, 100, 0, 0, 0, 45
84, 1, 0, 129, 133, 100, 0, 0, 0, 42
85, 1, 0, 124, 137, 100, 0, 0, 0, 36
86, 1, 0, 128, 142, 100, 0, 0, 0, 32
87, 1, 0, 125, 140, 100, 0, 0, 0, 41
88, 1, 0, 129, 151, 100, 0, 0, 0, 38
89, 1, 0, 124, 138, 100, 0, 0, 0, 60
90, 1, 0, 125, 141, 100, 0, 0, 0, 54
91, 1, 0, 129, 142, 100, 0, 0, 0, 49
92, 1, 0, 126, 158, 100, 0, 0, 0, 51
93, 1, 0, 124, 141, 100, 0, 0, 0, 80
94, 1, 0, 124, 142, 100, 0, 0, 0, 74
95, 1, 0, 126, 138, 100, 0, 0, 0, 68
96, 1, 0, 124, 142, 100, 0, 0, 0, 61
97, 1, 0, 128, 136, 100, 0, 0, 0, 57
98, 1, 0, 129, 141, 100, 0, 0, 0, 43
99, 1, 0, 124, 151, 100, 0, 0, 0, 49
100, 1, 0, 124, 142, 100, 0, 0, 0, 67
101, 1, 0, 124, 149, 100, 0, 0, 0, 66
102, 1, 0, 126, 139, 100, 0, 0, 0, 73
103, 1, 0, 124, 138, 100, 0, 0, 0, 66
104, 1, 0, 123, 139, 100, 0, 0, 0, 61
105, 1, 0, 126, 140, 100, 0, 0, 0, 55
106, 1, 0, 124, 139, 100, 0, 0, 0, 55
107, 1, 0, 126, 141, 100, 0, 0, 0, 51
108, 1, 0, 125, 138, 100, 0, 0, 0, 52
109, 1, 0, 129, 140, 100, 0, 0, 0, 43
110, 1, 0, 127, 140, 100, 0, 0, 0, 43
111, 1, 0, 124, 138, 100, 0, 0, 0, 46
112, 1, 0, 123, 136, 100, 0, 0, 0, 47
113, 1, 0, 124, 139, 100, 0, 0, 0, 44
114, 1, 0, 123, 136, 100, 0, 0, 0, 47
115, 1, 0, 129, 137, 100, 0, 0, 0, 37
116, 1, 0, 123, 137, 100, 0, 0, 0, 39
117, 1, 0, 125, 134, 100, 0, 0, 0, 38
118, 1, 0, 129, 138, 100, 0, 0, 0, 28
119, 1, 0, 124, 138, 100, 0, 0, 0, 34
120, 1, 0, 124, 139, 100, 0, 0, 0, 37
121, 1, 0, 128, 152, 100, 0, 0, 0, 36
122, 1, 0, 122, 142, 100, 0, 0, 0, 63
123, 1, 0, 122, 134, 100, 0, 0, 0, 66
124, 1, 0, 126, 136, 100, 0, 0, 0, 51
125, 1, 0, 126, 136, 100, 0, 0, 0, 44
126, 1, 0, 123, 134, 100, 0, 0, 0, 43
127, 1, 0, 123, 140, 100, 0, 0, 0, 39
128, 1, 0, 124, 138, 100, 0, 0, 0, 44
129, 1, 0, 123, 141, 100, 0, 0, 0, 46
130, 1, 0, 127, 151, 100, 0, 0, 0, 46
131, 1, 0, 124, 138, 100, 0, 0, 0, 65
132, 1, 0, 127, 136, 100, 0, 0, 0, 55
133, 1, 0, 128, 130, 100, 0, 0, 0, 44
134, 1, 0, 127, 136, 100, 0, 0, 0, 29
135, 1, 0, 123, 138, 100, 0, 0, 0, 33
136, 1, 0, 124, 138, 100, 0, 0, 0, 37
137, 1, 0, 125, 139, 100, 0, 0, 0, 38
138, 1, 0, 127, 139, 100, 0, 0, 0, 38
139, 1, 0, 124, 140, 100, 0, 0, 0, 41
140, 1, 0, 124, 138, 100, 0, 0, 0, 46
141, 1, 0, 127, 138, 100, 0, 0, 0, 41
142, 1, 0, 125, 141, 100, 0, 0, 0, 41
143, 1, 0, 123, 144, 100, 0, 0, 0, 48
144, 1, 0, 123, 146, 100, 0, 0, 0, 57
145, 1, 0, 123, 147, 100, 0, 0, 0, 67
146, 1, 0, 123, 138, 100, 0, 0, 0, 75
147, 1, 0, 123, 138, 100, 0, 0, 0, 67
148, 1, 0, 123, 140, 100, 0, 0, 0, 61
149, 1, 0, 129, 143, 100, 0, 0, 0, 53
150, 1, 0, 129, 141, 100, 0, 0, 0, 51
151, 1, 0, 125, 139, 100, 0, 0, 0, 52
152, 1, 0, 127, 141, 100, 0, 0, 0, 48
153, 1, 0, 124, 142, 100, 0, 0, 0, 51
154, 1, 0, 124, 142, 100, 0, 0, 0, 55
155, 1, 0, 123, 139, 100, 0, 0, 0, 59
156, 1, 0, 129, 137, 100, 0, 0, 0, 49
157, 1, 0, 128, 138, 100, 0, 0, 0, 41
158, 1, 0, 127, 138, 100, 0, 0, 0, 39
159, 1, 0, 128, 136, 100, 0, 0, 0, 35
160, 1, 0, 129, 146, 100, 0, 0, 0, 29
161, 1, 0, 126, 128, 100, 0, 0, 0, 43
162, 1, 0, 123, 140, 100, 0, 0, 0, 31
163, 1, 0, 128, 139, 100, 0, 0, 0, 33
164, 1, 0, 126, 144, 100, 0, 0, 0, 36
165, 1, 0, 125, 144, 100, 0, 0, 0, 46
166, 1, 0, 128, 139, 100, 0, 0, 0, 49
167, 1, 0, 123, 142, 100, 0, 0, 0, 51
168, 1, 0, 127, 141, 100, 0, 0, 0, 51
169, 1, 0, 123, 140, 100, 0, 0, 0, 55
170, 1, 0, 127, 137, 100, 0, 0, 0, 51
171, 1, 0, 126, 139, 100, 0, 0, 0, 45
172, 1, 0, 123, 137, 100, 0, 0, 0, 48
173, 1, 0, 124, 136, 100, 0, 0, 0, 45
174, 1, 0, 124, 138, 100, 0, 0, 0, 43
175, 1, 0, 128, 139, 100, 0, 0, 0, 38
176, 1, 0, 128, 143, 100, 0, 0, 0, 36
177, 1, 0, 129, 138, 100, 0, 0, 0, 40
178, 1, 0, 129, 137, 100, 0, 0, 0, 35
179, 1, 0, 128, 134, 100, 0, 0, 0, 31
180, 1, 0, 125, 134, 100, 0, 0, 0, 29
181, 1, 0, 127, 151, 100, 0, 0, 0, 24
182, 1, 0, 128, 138, 100, 0, 0, 0, 45
183, 1, 0, 128, 145, 100, 0, 0, 0, 40
184, 1, 0, 127, 155, 100, 0, 0, 0, 48
185, 1, 0, 129, 145, 100, 0, 0, 0, 67
186, 1, 0, 123, 142, 100, 0, 0, 0, 72
187, 1, 0, 125, 155, 100, 0, 0, 0, 68
188, 1, 0, 124, 154, 100, 0, 0, 0, 87
189, 1, 0, 129, 144, 100, 0, 0, 0, 91
190, 1, 0, 126, 139, 100, 0, 0, 0, 83
191, 1, 0, 123, 139, 100, 0, 0, 0, 74
192, 1, 0, 124, 143, 100, 0, 0, 0, 66
193, 1, 0, 128, 141, 100, 0, 0, 0, 62
194, 1, 0, 123, 136, 100, 0, 0, 0, 62
195, 1, 0, 126, 136, 100, 0, 0, 0, 51
196, 1, 0, 124, 139, 100, 0, 0, 0, 47
197, 1, 0, 127, 136, 100, 0, 0, 0, 44
198, 1, 0, 124, 140, 100, 0, 0, 0, 42
199, 1, 0, 124, 139, 100, 0, 0, 0, 46
200, 1, 0, 129, 140, 100, 0, 0, 0, 40
201, 1, 0, 128, 140, 100, 0, 0, 0, 39
202, 1, 0, 128, 142, 100, 0, 0, 0, 39
203, 1, 0, 124, 142, 100, 0, 0, 0, 47
204, 1, 0, 125, 137, 100, 0, 0, 0, 51
205, 1, 0, 127, 139, 100, 0, 0, 0, 44
206, 1, 0, 124, 146, 100, 0, 0, 0, 45
207, 1, 0, 122, 136, 100, 0, 0, 0, 60
208, 1, 0, 127, 140, 100, 0, 0, 0, 49
209, 1, 0, 124, 138, 100, 0, 0, 0, 50
210, 1, 0, 126, 141, 100, 0, 0, 0, 46
211, 1, 0, 124, 139, 100, 0, 0, 0, 50
212, 1, 0, 128, 140, 100, 0, 0, 0, 45
213, 1, 0, 129, 147, 100, 0, 0, 0, 41
214, 1, 0, 124, 148, 100, 0, 0, 0, 56
215, 1, 0, 125, 145, 100, 0, 0, 0, 66
216, 1, 0, 127, 146, 100, 0, 0, 0, 66
217, 1, 0, 127, 149, 100, 0, 0, 0, 67
218, 1, 0, 124, 149, 100, 0, 0, 0, 77
219, 1, 0, 125, 137, 100, 0, 0, 0, 82
220, 1, 0, 123, 138, 100, 0, 0, 0, 70
221, 1, 0, 129, 136, 100, 0, 0, 0, 56
222, 1, 0, 126, 135, 100, 0, 0, 0, 47
223, 1, 0, 127, 139, 100, 0, 0, 0, 38
224, 1, 0, 124, 139, 100, 0, 0, 0, 42
225, 1, 0, 128, 138, 100, 0, 0, 0, 39
226, 1, 0, 123, 138, 100, 0, 0, 0, 42
227, 1, 0, 128, 140, 100, 0, 0, 0, 38
228, 1, 0, 129, 140, 100, 0, 0, 0, 37
229, 1, 0, 126, 138, 100, 0, 0, 0, 40
230, 1, 0, 123, 135, 100, 0, 0, 0, 43
231, 1, 0, 125, 139, 100, 0, 0, 0, 38
232, 1, 0, 129, 139, 100, 0, 0, 0, 35
233, 1, 0, 124, 145, 100, 0, 0, 0, 40
234, 1, 0, 128, 136, 100, 0, 0, 0, 46
235, 1, 0, 126, 136, 100, 0, 0, 0, 40
236, 1, 0, 125, 142, 100, 0, 0, 0, 38
237, 1, 0, 125, 150, 100, 0, 0, 0, 45
238, 1, 0, 125, 136, 100, 0, 0, 0, 61
239, 1, 0, 126, 155, 100, 0, 0, 0, 51
240, 1, 0, 126, 136, 100, 0, 0, 0, 72
241, 1, 0, 122, 139, 100, 0, 0, 0, 64
242, 1, 0, 122, 140, 100, 0, 0, 0, 62
243, 1, 0, 127, 151, 100, 0, 0, 0, 55
244, 1, 0, 123, 135, 100, 0, 0, 0, 73
245, 1, 0, 123, 143, 100, 0, 0, 0, 61
246, 1, 0, 123, 142, 100, 0, 0, 0, 65
247, 1, 0, 124, 143, 100, 0, 0, 0, 64
248, 1, 0, 125, 155, 100, 0, 0, 0, 64
249, 1, 0, 128, 141, 100, 0, 0, 0, 79
250, 1, 0, 128, 141, 100, 0, 0, 0, 68
251, 1, 0, 122, 141, 100, 0, 0, 0, 68
252, 1, 0, 123, 140, 100, 0, 0, 0, 66
253, 1, 0, 124, 144, 100, 0, 0, 0, 63
254, 1, 0, 124, 134, 100, 0, 0, 0, 66
255, 1, 0, 124, 154, 100, 0, 0, 0, 54
256, 1, 0, 129, 140, 100, 0, 0, 0, 69
257, 1, 0, 122, 154, 100, 0, 0, 0, 67
258, 1, 0, 123, 138, 100, 0, 0, 0, 86
259, 1, 0, 122, 153, 100, 0, 0, 0, 76
260, 1, 0, 124, 141, 100, 0, 0, 0, 89
261, 1, 0, 127, 137, 100, 0, 0, 0, 76
262, 1, 0, 128, 139, 100, 0, 0, 0, 59
263, 1, 0, 122, 141, 100, 0, 0, 0, 59
264, 1, 0, 122, 137, 100, 0, 0, 0, 61
265, 1, 0, 128, 151, 100, 0, 0, 0, 50
266, 1, 0, 129, 153, 100, 0, 0, 0, 61
267, 1, 0, 128, 141, 100, 0, 0, 0, 74
268, 1, 0, 130, 143, 100, 0, 0, 0, 61
269, 1, 0, 127, 139, 100, 0, 0, 0, 60
270, 1, 0, 127, 138, 100, 0, 0, 0, 53
271, 1, 0, 123, 138, 100, 0, 0, 0, 52
272, 1, 0, 124, 137, 100, 0, 0, 0, 50
273, 1, 0, 125, 138, 100, 0, 0, 0, 46
274, 1, 0, 124, 137, 100, 0, 0, 0, 46
275, 1, 0, 128, 140, 100, 0, 0, 0, 39
276, 1, 0, 125, 139, 100, 0, 0, 0, 42
277, 1, 0, 127, 151, 100, 0, 0, 0, 41
278, 1, 0, 125, 150, 100, 0, 0, 0, 60
279, 1, 0, 124, 141, 100, 0, 0, 0, 74
280, 1, 0, 124, 137, 100, 0, 0, 0, 69
281, 1, 0, 129, 141, 100, 0, 0, 0, 54
282, 1, 0, 128, 140, 100, 0, 0, 0, 50
283, 1, 0, 129, 140, 100, 0, 0, 0, 45
284, 1, 0, 124, 138, 100, 0, 0, 0, 48
285, 1, 0, 123, 139, 100, 0, 0, 0, 48
286, 1, 0, 125, 141, 100, 0, 0, 0, 48
287, 1, 0, 124, 137, 100, 0, 0, 0, 51
288, 1, 0, 124, 139, 100, 0, 0, 0, 48
289, 1, 0, 125, 138, 100, 0, 0, 0, 47
290, 1, 0, 123, 138, 100, 0, 0, 0, 48
291, 1, 0, 129, 139, 100, 0, 0, 0, 41
292, 1, 0, 129, 150, 100, 0, 0, 0, 37
293, 1, 0, 124, 141, 100, 0, 0, 0, 57
294, 1, 0, 126, 130, 100, 0, 0, 0, 55
295, 1, 0, 124, 140, 100, 0, 0, 0, 41
296, 1, 0, 125, 140, 100, 0, 0, 0, 44
297, 1, 0, 125, 141, 100, 0, 0, 0, 46
298, 1, 0, 128, 138, 100, 0, 0, 0, 45
299, 1, 0, 124, 150, 100, 0, 0, 0, 45
300, 1, 0, 122, 134, 100, 0, 0, 0, 66
301, 1, 0, 128, 139, 100, 0, 0, 0, 48
302, 1, 0, 124, 139, 100, 0, 0, 0, 49
303, 1, 0, 126, 137, 100, 0, 0, 0, 46
304, 1, 0, 125, 139, 100, 0, 0, 0, 43
305, 1, 0, 127, 141, 100, 0, 0, 0, 42
306, 1, 0, 123, 137, 100, 0, 0, 0, 48
307, 1, 0, 128, 142, 100, 0, 0, 0, 41
308, 1, 0, 126, 142, 100, 0, 0, 0, 45
309, 1, 0, 128, 142, 100, 0, 0, 0, 46
310, 1, 0, 129, 138, 100, 0, 0, 0, 45
311, 1, 0, 130, 139, 100, 0, 0, 0, 37
312, 1, 0, 125, 141, 100, 0, 0, 0, 40
313, 1, 0, 125, 138, 100, 0, 0, 0, 44
314, 1, 0, 123, 133, 100, 0, 0, 0, 46
315, 1, 0, 127, 140, 100, 0, 0, 0, 35
316, 1, 0, 122, 142, 100, 0, 0, 0, 43
317, 1, 0, 124, 144, 100, 0, 0, 0, 50
318, 1, 0, 127, 139, 100, 0, 0, 0, 53
319, 1, 0, 128, 141, 100, 0, 0, 0, 47
320, 1, 0, 125, 151, 100, 0, 0, 0, 49
321, 1, 0, 124, 137, 100, 0, 0, 0, 67
322, 1, 0, 129, 142, 100, 0, 0, 0, 52
323, 1, 0, 128, 139, 100, 0, 0, 0, 51
324, 1, 0, 129, 133, 100, 0, 0, 0, 44
325, 1, 0, 126, 142, 100, 0, 0, 0, 35
326, 1, 0, 129, 140, 100, 0, 0, 0, 37
327, 1, 0, 125, 140, 100, 0, 0, 0, 41
328, 1, 0, 123, 139, 100, 0, 0, 0, 47
329, 1, 0, 123, 139, 100, 0, 0, 0, 49
330, 1, 0, 123, 138, 100, 0, 0, 0, 50
331, 1, 0, 123, 139, 100, 0, 0, 0, 50
332, 1, 0, 130, 140, 100, 0, 0, 0, 42
333, 1, 0, 129, 152, 100, 0, 0, 0, 39
334, 1, 0, 126, 135, 100, 0, 0, 0, 60
335, 1, 0, 123, 139, 100, 0, 0, 0, 52
336, 1, 0, 128, 138, 100, 0, 0, 0, 46
337, 1, 0, 127, 139, 100, 0, 0, 0, 42
338, 1, 0, 124, 132, 100, 0, 0, 0, 44
339, 1, 0, 128, 146, 100, 0, 0, 0, 31
340, 1, 0, 126, 141, 100, 0, 0, 0, 45
341, 1, 0, 128, 139, 100, 0, 0, 0, 44
342, 1, 0, 126, 136, 100, 0, 0, 0, 43
343, 1, 0, 125, 133, 100, 0, 0, 0, 39
344, 1, 0, 123, 136, 100, 0, 0, 0, 35
345, 1, 0, 124, 139, 100, 0, 0, 0, 36
346, 1, 0, 123, 143, 100, 0, 0, 0, 41
347, 1, 0, 125, 138, 100, 0, 0, 0, 49
348, 1, 0, 125, 140, 100, 0, 0, 0, 46
349, 1, 0, 127, 139, 100, 0, 0, 0, 45
350, 1, 0, 127, 138, 100, 0, 0, 0, 42
351, 1, 0, 123, 137, 100, 0, 0, 0, 45
352, 1, 0, 126, 139, 100, 0, 0, 0, 41
353, 1, 0, 122, 137, 100, 0, 0, 0, 46
354, 1, 0, 128, 136, 100, 0, 0, 0, 39
355, 1, 0, 124, 139, 100, 0, 0, 0, 38
356, 1, 0, 123, 139, 100, 0, 0, 0, 43
357, 1, 0, 127, 138, 100, 0, 0, 0, 41
358, 1, 0, 129, 137, 100, 0, 0, 0, 36
359, 1, 0, 128, 151, 100, 0, 0, 0, 32
360, 1, 0, 125, 138, 100, 0, 0, 0, 54
361, 1, 0, 129, 140, 100, 0, 0, 0, 45
362, 1, 0, 128, 140, 100, 0, 0, 0, 43
363, 1, 0, 125, 139, 100, 0, 0, 0, 45
364, 1, 0, 129, 148, 100, 0, 0, 0, 40
365, 1, 0, 126, 138, 100, 0, 0, 0, 54
366, 1, 0, 123, 139, 100, 0, 0, 0, 53
367, 1, 0, 128, 139, 100, 0, 0, 0, 46
368, 1, 0, 129, 139, 100, 0, 0, 0, 41
369, 1, 0, 123, 139, 100, 0, 0, 0, 45
370, 1, 0, 129, 140, 100, 0, 0, 0, 40
371, 1, 0, 127, 138, 100, 0, 0, 0, 40
372, 1, 0, 123, 142, 100, 0, 0, 0, 43
373, 1, 0, 124, 142, 100, 0, 0, 0, 50
374, 1, 0, 128, 144, 100, 0, 0, 0, 49
375, 1, 0, 125, 148, 100, 0, 0, 0, 55
376, 1, 0, 123, 138, 100, 0, 0, 0, 68
377, 1, 0, 123, 138, 100, 0, 0, 0, 62
378, 1, 0, 122, 139, 100, 0, 0, 0, 60
379, 1, 0, 123, 136, 100, 0, 0, 0, 58
380, 1, 0, 127, 138, 100, 0, 0, 0, 47
381, 1, 0, 125, 143, 100, 0, 0, 0, 45
382, 1, 0, 124, 140, 100, 0, 0, 0, 52
383, 1, 0, 122, 139, 100, 0, 0, 0, 56
384, 1, 0, 123, 134, 100, 0, 0, 0, 55
385, 1, 0, 126, 138, 100, 0, 0, 0, 43
386, 1, 0, 123, 136, 100, 0, 0, 0, 45
387, 1, 0, 123, 142, 100, 0, 0, 0, 44
388, 1, 0, 127, 139, 100, 0, 0, 0, 46
389, 1, 0, 127, 138, 100, 0, 0, 0, 44
390, 1, 0, 124, 143, 100, 0, 0, 0, 44
391, 1, 0, 127, 153, 100, 0, 0, 0, 48
392, 1, 0, 128, 143, 100, 0, 0, 0, 65
393, 1, 0, 125, 139, 100, 0, 0, 0, 65
394, 1, 0, 125, 138, 100, 0, 0, 0, 59
395, 1, 0, 126, 140, 100, 0, 0, 0, 52
396, 1, 0, 123, 142, 100, 0, 0, 0, 54
397, 1, 0, 122, 144, 100, 0, 0, 0, 60
398, 1, 0, 125, 141, 100, 0, 0, 0, 63
399, 1, 0, 123, 144, 100, 0, 0, 0, 63
400, 1, 0, 124, 139, 100, 0, 0, 0, 66
401, 1, 0, 123, 139, 100, 0, 0, 0, 62
402, 1, 0, 124, 137, 100, 0, 0, 0, 58
403, 1, 0, 125, 140, 100, 0, 0, 0, 51
404, 1, 0, 122, 139, 100, 0, 0, 0, 55
405, 1, 0, 126, 140, 100, 0, 0, 0, 51
406, 1, 0, 125, 141, 100, 0, 0, 0, 51
407, 1, 0, 125, 140, 100, 0, 0, 0, 52
408, 1, 0, 123, 140, 100, 0, 0, 0, 54
409, 1, 0, 123, 152, 100, 0, 0, 0, 55
410, 1, 0, 125, 143, 100, 0, 0, 0, 72
411, 1, 0, 127, 152, 100, 0, 0, 0, 67
412, 1, 0, 123, 141, 100, 0, 0, 0, 83
413, 1, 0, 124, 140, 100, 0, 0, 0, 75
414, 1, 0, 124, 152, 100, 0, 0, 0, 69
415, 1, 0, 128, 137, 100, 0, 0, 0, 77
416, 1, 0, 125, 153, 100, 0, 0, 0, 65
417, 1, 0, 128, 140, 100, 0, 0, 0, 76
418, 1, 0, 127, 153, 100, 0, 0, 0, 65
419, 1, 0, 125, 136, 100, 0, 0, 0, 80
420, 1, 0, 123, 153, 100, 0, 0, 0, 68
421, 1, 0, 128, 140, 100, 0, 0, 0, 78
422, 1, 0, 122, 141, 100, 0, 0, 0, 73
423, 1, 0, 123, 142, 100, 0, 0, 0, 70
424, 1, 0, 126, 153, 100, 0, 0, 0, 66
425, 1, 0, 124, 136, 100, 0, 0, 0, 82
426, 1, 0, 125, 151, 100, 0, 0, 0, 66
427, 1, 0, 124, 148, 100, 0, 0, 0, 79
428, 1, 0, 123, 142, 100, 0, 0, 0, 85
429, 1, 0, 127, 139, 100, 0, 0, 0, 74
430, 1, 0, 124, 141, 100, 0, 0, 0, 66
431, 1, 0, 126, 147, 100, 0, 0, 0, 61
432, 1, 0, 123, 140, 100, 0, 0, 0, 71
433, 1, 0, 122, 138, 100, 0, 0, 0, 68
434, 1, 0, 122, 150, 100, 0, 0, 0, 64
435, 1, 0, 122, 151, 100, 0, 0, 0, 78
436, 1, 0, 122, 138, 100, 0, 0, 0, 90
437, 1, 0, 124, 140, 100, 0, 0, 0, 76
438, 1, 0, 126, 141, 100, 0, 0, 0, 67
439, 1, 0, 123, 140, 100, 0, 0, 0, 66
440, 1, 0, 123, 141, 100, 0, 0, 0, 63
441, 1, 0, 131, 139, 100, 0, 0, 0, 53
442, 1, 0, 125, 138, 100, 0, 0, 0, 51
443, 1, 0, 129, 139, 100, 0, 0, 0, 42
444, 1, 0, 129, 140, 100, 0, 0, 0, 38
445, 1, 0, 125, 141, 100, 0, 0, 0, 42
446, 1, 0, 124, 139, 100, 0, 0, 0, 47
447, 1, 0, 124, 148, 100, 0, 0, 0, 48
448, 1, 0, 127, 141, 100, 0, 0, 0, 58
449, 1, 0, 128, 137, 100, 0, 0, 0, 53
450, 1, 0, 127, 137, 100, 0, 0, 0, 46
451, 1, 0, 126, 142, 100, 0, 0, 0, 41
452, 1, 0, 129, 139, 100, 0, 0, 0, 42
453, 1, 0, 125, 140, 100, 0, 0, 0, 43
454, 1, 0, 125, 140, 100, 0, 0, 0, 45
455, 1, 0, 124, 143, 100, 0, 0, 0, 48
456, 1, 0, 128, 139, 100, 0, 0, 0, 49
457, 1, 0, 129, 140, 100, 0, 0, 0, 43
458, 1, 0, 126, 135, 100, 0, 0, 0, 44
459, 1, 0, 127, 141, 100, 0, 0, 0, 36
460, 1, 0, 127, 139, 100, 0, 0, 0, 39
461, 1, 0, 123, 140, 100, 0, 0, 0, 44
462, 1, 0, 124, 149, 100, 0, 0, 0, 47
463, 1, 0, 128, 136, 100, 0, 0, 0, 58
464, 1, 0, 124, 140, 100, 0, 0, 0, 51
465, 1, 0, 125, 137, 100, 0, 0, 0, 51
466, 1, 0, 128, 141, 100, 0, 0, 0, 42
467, 1, 0, 129, 137, 100, 0, 0, 0, 41
468, 1, 0, 124, 141, 100, 0, 0, 0, 41
469, 1, 0, 124, 137, 100, 0, 0, 0, 47
470, 1, 0, 124, 139, 100, 0, 0, 0, 45
471, 1, 0, 124, 138, 100, 0, 0, 0, 46
472, 1, 0, 130, 137, 100, 0, 0, 0, 38
473, 1, 0, 127, 135, 100, 0, 0, 0, 35
474, 1, 0, 127, 146, 100, 0, 0, 0, 30
475, 1, 0, 123, 137, 100, 0, 0, 0, 48
476, 1, 0, 122, 142, 100, 0, 0, 0, 48
477, 1, 0, 123, 141, 100, 0, 0, 0, 54
478, 1, 0, 124, 140, 100, 0, 0, 0, 56
479, 1, 0, 123, 138, 100, 0, 0, 0, 57
480, 1, 0, 125, 136, 100, 0, 0, 0, 52
481, 1, 0, 126, 140, 100, 0, 0, 0, 44
482, 1, 0, 123, 139, 100, 0, 0, 0, 49
483, 1, 0, 128, 140, 100, 0, 0, 0, 44
484, 1, 0, 124, 139, 100, 0, 0, 0, 47
485, 1, 0, 128, 136, 100, 0, 0, 0, 42
486, 1, 0, 125, 139, 100, 0, 0, 0, 39
487, 1, 0, 123, 134, 100, 0, 0, 0, 44
488, 1, 0, 124, 138, 100, 0, 0, 0, 39
489, 1, 0, 129, 141, 100, 0, 0, 0, 34
490, 1, 0, 126, 137, 100, 0, 0, 0, 39
491, 1, 0, 126, 139, 100, 0, 0, 0, 37
492, 1, 0, 127, 138, 100, 0, 0, 0, 37
493, 1, 0, 127, 141, 100, 0, 0, 0, 36
494, 1, 0, 127, 129, 100, 0, 0, 0, 39
495, 1, 0, 125, 143, 100, 0, 0, 0, 27
496, 1, 0, 124, 143, 100, 0, 0, 0, 40
497, 1, 0, 127, 141, 100, 0, 0, 0, 45
498, 1, 0, 123, 144, 100, 0, 0, 0, 51
499, 1, 0, 127, 142, 100, 0, 0, 0, 54
500, 1, 0, 125, 142, 100, 0, 0, 0, 56
501, 1, 0, 125, 138, 100, 0, 0, 0, 57
502, 1, 0, 127, 141, 100, 0, 0, 0, 49
503, 1, 0, 127, 139, 100, 0, 0, 0, 48
504, 1, 0, 122, 141, 100, 0, 0, 0, 51
505, 1, 0, 122, 140, 100, 0, 0, 0, 56
506, 1, 0, 125, 139, 100, 0, 0, 0, 55
507, 1, 0, 127, 140, 100, 0, 0, 0, 49
508, 1, 0, 128, 141, 100, 0, 0, 0, 46
509, 1, 0, 126, 138, 100, 0, 0, 0, 47
510, 1, 0, 127, 140, 100, 0, 0, 0, 43
511, 1, 0, 126, 142, 100, 0, 0, 0, 44
512, 1, 0, 126, 136, 100, 0, 0, 0, 47
513, 1, 0, 123, 140, 100, 0, 0, 0, 45
514, 1, 0, 123, 136, 100, 0, 0, 0, 49
515, 1, 0, 126, 138, 100, 0, 0, 0, 43
516, 1, 0, 124, 144, 100, 0, 0, 0, 43
517, 1, 0, 123, 138, 100, 0, 0, 0, 54
518, 1, 0, 125, 137, 100, 0, 0, 0, 50
519, 1, 0, 127, 136, 100, 0, 0, 0, 43
520, 1, 0, 127, 140, 100, 0, 0, 0, 37
521, 1, 0, 126, 139, 100, 0, 0, 0, 40
522, 1, 0, 125, 136, 100, 0, 0, 0, 42
523, 1, 0, 123, 139, 100, 0, 0, 0, 41
524, 1, 0, 123, 136, 100, 0, 0, 0, 45
525, 1, 0, 128, 139, 100, 0, 0, 0, 37
526, 1, 0, 124, 139, 100, 0, 0, 0, 41
527, 1, 0, 124, 135, 100, 0, 0, 0, 44
528, 1, 0, 128, 139, 100, 0, 0, 0, 35
529, 1, 0, 128, 134, 100, 0, 0, 0, 34
530, 1, 0, 124, 141, 100, 0, 0, 0, 32
531, 1, 0, 127, 136, 100, 0, 0, 0, 36
532, 1, 0, 129, 137, 100, 0, 0, 0, 30
533, 1, 0, 129, 137, 100, 0, 0, 0, 26
534, 1, 0, 125, 140, 100, 0, 0, 0, 30
535, 1, 0, 127, 140, 100, 0, 0, 0, 33
536, 1, 0, 129, 138, 100, 0, 0, 0, 33
537, 1, 0, 125, 138, 100, 0, 0, 0, 36
538, 1, 0, 125, 140, 100, 0, 0, 0, 37
539, 1, 0, 125, 140, 100, 0, 0, 0, 41
540, 1, 0, 129, 139, 100, 0, 0, 0, 39
541, 1, 0, 126, 139, 100, 0, 0, 0, 40
542, 1, 0, 129, 137, 100, 0, 0, 0, 36
543, 1, 0, 124, 141, 100, 0, 0, 0, 38
544, 1, 0, 128, 143, 100, 0, 0, 0, 39
545, 1, 0, 129, 141, 100, 0, 0, 0, 42
546, 1, 0, 128, 139, 100, 0, 0, 0, 42
547, 1, 0, 126, 136, 100, 0, 0, 0, 42
548, 1, 0, 124, 138, 100, 0, 0, 0, 40
549, 1, 0, 128, 139, 100, 0, 0, 0, 37
550, 1, 0, 128, 138, 100, 0, 0, 0, 35
551, 1, 0, 127, 138, 100, 0, 0, 0, 34
552, 1, 0, 125, 138, 100, 0, 0, 0, 36
553, 1, 0, 123, 142, 100, 0, 0, 0, 40
554, 1, 0, 123, 140, 100, 0, 0, 0, 49
555, 1, 0, 125, 139, 100, 0, 0, 0, 49
556, 1, 0, 128, 140, 100, 0, 0, 0, 44
557, 1, 0, 128, 139, 100, 0, 0, 0, 42
558, 1, 0, 124, 143, 100, 0, 0, 0, 44
559, 1, 0, 126, 140, 100, 0, 0, 0, 49
560, 1, 0, 128, 140, 100, 0, 0, 0, 46
561, 1, 0, 126, 141, 100, 0, 0, 0, 46
562, 1, 0, 126, 138, 100, 0, 0, 0, 47
563, 1, 0, 127, 145, 100, 0, 0, 0, 43
564, 1, 0, 123, 137, 100, 0, 0, 0, 55
565, 1, 0, 125, 142, 100, 0, 0, 0, 49
566, 1, 0, 124, 140, 100, 0, 0, 0, 54
567, 1, 0, 122, 137, 100, 0, 0, 0, 57
568, 1, 0, 129, 151, 100, 0, 0, 0, 45
569, 1, 0, 123, 150, 100, 0, 0, 0, 66
570, 1, 0, 128, 152, 100, 0, 0, 0, 72
571, 1, 0, 129, 149, 100, 0, 0, 0, 78
572, 1, 0, 129, 140, 100, 0, 0, 0, 78
573, 1, 0, 122, 139, 100, 0, 0, 0, 73
574, 1, 0, 127, 139, 100, 0, 0, 0, 62
575, 1, 0, 123, 139, 100, 0, 0, 0, 59
576, 1, 0, 124, 139, 100, 0, 0, 0, 56
577, 1, 0, 124, 139, 100, 0, 0, 0, 54
578, 1, 0, 122, 139, 100, 0, 0, 0, 55
579, 1, 0, 126, 140, 100, 0, 0, 0, 51
580, 1, 0, 127, 138, 100, 0, 0, 0, 48
581, 1, 0, 125, 139, 100, 0, 0, 0, 46
582, 1, 0, 124, 149, 100, 0, 0, 0, 47
583, 1, 0, 122, 139, 100, 0, 0, 0, 65
584, 1, 0, 123, 138, 100, 0, 0, 0, 62
585, 1, 0, 124, 141, 100, 0, 0, 0, 57
586, 1, 0, 127, 151, 100, 0, 0, 0, 53
587, 1, 0, 125, 136, 100, 0, 0, 0, 69
588, 1, 0, 124, 136, 100, 0, 0, 0, 59
589, 1, 0, 123, 140, 100, 0, 0, 0, 53
590, 1, 0, 123, 140, 100, 0, 0, 0, 55
591, 1, 0, 126, 138, 100, 0, 0, 0, 52
592, 1, 0, 127, 142, 100, 0, 0, 0, 46
593, 1, 0, 123, 145, 100, 0, 0, 0, 53
594, 1, 0, 128, 140, 100, 0, 0, 0, 55
595, 1, 0, 124, 138, 100, 0, 0, 0, 55
596, 1, 0, 127, 137, 100, 0, 0, 0, 48
597, 1, 0, 127, 135, 100, 0, 0, 0, 42
598, 1, 0, 129, 142, 100, 0, 0, 0, 32
599, 1, 0, 126, 140, 100, 0, 0, 0, 39
600, 1, 0, 126, 140, 100, 0, 0, 0, 42
601, 1, 0, 126, 139, 100, 0, 0, 0, 43
602, 1, 0, 126, 140, 100, 0, 0, 0, 43
603, 1, 0, 123, 140, 100, 0, 0, 0, 48
604, 1, 0, 129, 144, 100, 0, 0, 0, 43
605, 1, 0, 127, 138, 100, 0, 0, 0, 49
606, 1, 0, 128, 137, 100, 0, 0, 0, 42
607, 1, 0, 128, 139, 100, 0, 0, 0, 36
608, 1, 0, 128, 138, 100, 0, 0, 0, 35
609, 1, 0, 123, 137, 100, 0, 0, 0, 40
610, 1, 0, 124, 142, 100, 0, 0, 0, 40
611, 1, 0, 128, 139, 100, 0, 0, 0, 42
612, 1, 0, 127, 138, 100, 0, 0, 0, 41
613, 1, 0, 124, 136, 100, 0, 0, 0, 42
614, 1, 0, 123, 137, 100, 0, 0, 0, 42
615, 1, 0, 125, 139, 100, 0, 0, 0, 40
616, 1, 0, 123, 137, 100, 0, 0, 0, 44
617, 1, 0, 125, 140, 100, 0, 0, 0, 42
618, 1, 0, 128, 138, 100, 0, 0, 0, 40
619, 1, 0, 125, 136, 100, 0, 0, 0, 40
620, 1, 0, 129, 137, 100, 0, 0, 0, 32
621, 1, 0, 125, 138, 100, 0, 0, 0, 34
622, 1, 0, 124, 139, 100, 0, 0, 0, 37
623, 1, 0, 126, 138, 100, 0, 0, 0, 39
624, 1, 0, 125, 137, 100, 0, 0, 0, 39
625, 1, 0, 124, 144, 100, 0, 0, 0, 40
626, 1, 0, 127, 138, 100, 0, 0, 0, 46
627, 1, 0, 128, 138, 100, 0, 0, 0, 41
628, 1, 0, 125, 138, 100, 0, 0, 0, 41
629, 1, 0, 123, 138, 100, 0, 0, 0, 43
630, 1, 0, 122, 141, 100, 0, 0, 0, 47
631, 1, 0, 123, 143, 100, 0, 0, 0, 52
632, 1, 0, 128, 138, 100, 0, 0, 0, 52
633, 1, 0, 129, 137, 100, 0, 0, 0, 43
634, 1, 0, 124, 136, 100, 0, 0, 0, 42
635, 1, 0, 125, 136, 100, 0, 0, 0, 39
636, 1, 0, 124, 139, 100, 0, 0, 0, 38
637, 1, 0, 129, 142, 100, 0, 0, 0, 35
638, 1, 0, 128, 138, 100, 0, 0, 0, 39
639, 1, 0, 127, 140, 100, 0, 0, 0, 37
640, 1, 0, 128, 140, 100, 0, 0, 0, 37
641, 1, 0, 123, 138, 100, 0, 0, 0, 44
642, 1, 0, 122, 136, 100, 0, 0, 0, 47
643, 1, 0, 122, 136, 100, 0, 0, 0, 46
644, 1, 0, 126, 138, 100, 0, 0, 0, 40
645, 1, 0, 123, 137, 100, 0, 0, 0, 43
646, 1, 0, 127, 139, 100, 0, 0, 0, 39
647, 1, 0, 126, 137, 100, 0, 0, 0, 39
648, 1, 0, 122, 138, 100, 0, 0, 0, 42
649, 1, 0, 127, 137, 100, 0, 0, 0, 39
650, 1, 0, 127, 139, 100, 0, 0, 0, 36
651, 1, 0, 129, 138, 100, 0, 0, 0, 34
652, 1, 0, 126, 140, 100, 0, 0, 0, 34
653, 1, 0, 127, 138, 100, 0, 0, 0, 37
654, 1, 0, 123, 139, 100, 0, 0, 0, 41
655, 1, 0, 125, 140, 100, 0, 0, 0, 42
656, 1, 0, 127, 138, 100, 0, 0, 0, 42
657, 1, 0, 125, 139, 100, 0, 0, 0, 42
658, 1, 0, 125, 133, 100, 0, 0, 0, 43
659, 1, 0, 127, 140, 100, 0, 0, 0, 33
660, 1, 0, 125, 140, 100, 0, 0, 0, 38
661, 1, 0, 121, 135, 100, 0, 0, 0, 47
662, 1, 0, 121, 141, 100, 0, 0, 0, 46
663, 1, 0, 123, 140, 100, 0, 0, 0, 51
664, 1, 0, 123, 138, 100, 0, 0, 0, 54
665, 1, 0, 124, 139, 100, 0, 0, 0, 51
666, 1, 0, 122, 143, 100, 0, 0, 0, 53
667, 1, 0, 125, 135, 100, 0, 0, 0, 57
668, 1, 0, 127, 139, 100, 0, 0, 0, 45
669, 1, 0, 126, 140, 100, 0, 0, 0, 44
670, 1, 0, 125, 139, 100, 0, 0, 0, 46
671, 1, 0, 128, 141, 100, 0, 0, 0, 42
672, 1, 0, 126, 138, 100, 0, 0, 0, 44
673, 1, 0, 123, 142, 100, 0, 0, 0, 46
674, 1, 0, 129, 137, 100, 0, 0, 0, 45
675, 1, 0, 128, 143, 100, 0, 0, 0, 38
676, 1, 0, 124, 139, 100, 0, 0, 0, 48
677, 1, 0, 128, 139, 100, 0, 0, 0, 43
678, 1, 0, 128, 140, 100, 0, 0, 0, 40
679, 1, 0, 124, 141, 100, 0, 0, 0, 44
680, 1, 0, 124, 140, 100, 0, 0, 0, 49
681, 1, 0, 125, 142, 100, 0, 0, 0, 50
682, 1, 0, 126, 135, 100, 0, 0, 0, 51
683, 1, 0, 125, 139, 100, 0, 0, 0, 44
684, 1, 0, 126, 136, 100, 0, 0, 0, 43
685, 1, 0, 124, 134, 100, 0, 0, 0, 41
686, 1, 0, 129, 142, 100, 0, 0, 0, 30
687, 1, 0, 124, 137, 100, 0, 0, 0, 40
688, 1, 0, 126, 140, 100, 0, 0, 0, 38
689, 1, 0, 124, 137, 100, 0, 0, 0, 43
690, 1, 0, 126, 139, 100, 0, 0, 0, 40
691, 1, 0, 128, 142, 100, 0, 0, 0, 38
692, 1, 0, 125, 141, 100, 0, 0, 0, 44
693, 1, 0, 125, 138, 100, 0, 0, 0, 48
694, 1, 0, 122, 139, 100, 0, 0, 0, 49
695, 1, 0, 124, 139, 100, 0, 0, 0, 49
696, 1, 0, 128, 136, 100, 0, 0, 0, 44
697, 1, 0, 125, 138, 100, 0, 0, 0, 40
698, 1, 0, 123, 133, 100, 0, 0, 0, 43
699, 1, 0, 124, 138, 100, 0, 0, 0, 37
700, 1, 0, 127, 138, 100, 0, 0, 0, 35
701, 1, 0, 124, 140, 100, 0, 0, 0, 39
702, 1, 0, 124, 138, 100, 0, 0, 0, 44
703, 1, 0, 128, 130, 100, 0, 0, 0, 39
704, 1, 0, 127, 144, 100, 0, 0, 0, 26
705, 1, 0, 125, 143, 100, 0, 0, 0, 40
706, 1, 0, 123, 138, 100, 0, 0, 0, 50
707, 1, 0, 123, 139, 100, 0, 0, 0, 50
708, 1, 0, 126, 139, 100, 0, 0, 0, 47
709, 1, 0, 124, 144, 100, 0, 0, 0, 48
710, 1, 0, 123, 139, 100, 0, 0, 0, 57
711, 1, 0, 123, 143, 100, 0, 0, 0, 56
712, 1, 0, 126, 135, 100, 0, 0, 0, 57
713, 1, 0, 127, 141, 100, 0, 0, 0, 45
714, 1, 0, 127, 134, 100, 0, 0, 0, 46
715, 1, 0, 126, 137, 100, 0, 0, 0, 37
716, 1, 0, 123, 140, 100, 0, 0, 0, 39
717, 1, 0, 129, 139, 100, 0, 0, 0, 38
718, 1, 0, 127, 138, 100, 0, 0, 0, 38
719, 1, 0, 124, 138, 100, 0, 0, 0, 40
720, 1, 0, 125, 139, 100, 0, 0, 0, 40
721, 1, 0, 125, 137, 100, 0, 0, 0, 42
722, 1, 0, 123, 133, 100, 0, 0, 0, 43
723, 1, 0, 128, 139, 100, 0, 0, 0, 31
724, 1, 0, 122, 138, 100, 0, 0, 0, 39
725, 1, 0, 123, 135, 100, 0, 0, 0, 43
726, 1, 0, 122, 137, 100, 0, 0, 0, 42
727, 1, 0, 123, 137, 100, 0, 0, 0, 42
728, 1, 0, 123, 140, 100, 0, 0, 0, 43
729, 1, 0, 124, 137, 100, 0, 0, 0, 47
730, 1, 0, 123, 138, 100, 0, 0, 0, 46
731, 1, 0, 128, 138, 100, 0, 0, 0, 41
732, 1, 0, 124, 136, 100, 0, 0, 0, 42
733, 1, 0, 123, 138, 100, 0, 0, 0, 42
734, 1, 0, 123, 140, 100, 0, 0, 0, 44
735, 1, 0, 126, 141, 100, 0, 0, 0, 45
736, 1, 0, 122, 140, 100, 0, 0, 0, 52
737, 1, 0, 127, 137, 100, 0, 0, 0, 49
738, 1, 0, 126, 139, 100, 0, 0, 0, 44
739, 1, 0, 123, 138, 100, 0, 0, 0, 47
740, 1, 0, 127, 139, 100, 0, 0, 0, 42
741, 1, 0, 126, 138, 100, 0, 0, 0, 42
742, 1, 0, 125, 139, 100, 0, 0, 0, 42
743, 1, 0, 123, 144, 100, 0, 0, 0, 45
744, 1, 0, 124, 136, 100, 0, 0, 0, 54
745, 1, 0, 128, 137, 100, 0, 0, 0, 43
746, 1, 0, 127, 135, 100, 0, 0, 0, 39
747, 1, 0, 123, 138, 100, 0, 0, 0, 38
748, 1, 0, 126, 139, 100, 0, 0, 0, 37
749, 1, 0, 122, 139, 100, 0, 0, 0, 44
750, 1, 0, 126, 139, 100, 0, 0, 0, 43
751, 1, 0, 123, 136, 100, 0, 0, 0, 46
752, 1, 0, 121, 137, 100, 0, 0, 0, 47
753, 1, 0, 128, 134, 100, 0, 0, 0, 40
754, 1, 0, 128, 136, 100, 0, 0, 0, 30
755, 1, 0, 128, 138, 100, 0, 0, 0, 27
756, 1, 0, 127, 139, 100, 0, 0, 0, 29
757, 1, 0, 127, 137, 100, 0, 0, 0, 31
758, 1, 0, 122, 137, 100, 0, 0, 0, 37
759, 1, 0, 126, 139, 100, 0, 0, 0, 35
760, 1, 0, 123, 142, 100, 0, 0, 0, 41
761, 1, 0, 128, 139, 100, 0, 0, 0, 43
762, 1, 0, 122, 137, 100, 0, 0, 0, 48
763, 1, 0, 123, 137, 100, 0, 0, 0, 47
764, 1, 0, 123, 138, 100, 0, 0, 0, 46
765, 1, 0, 127, 138, 100, 0, 0, 0, 42
766, 1, 0, 126, 139, 100, 0, 0, 0, 40
767, 1, 0, 126, 138, 100, 0, 0, 0, 41
768, 1, 0, 126, 137, 100, 0, 0, 0, 39
769, 1, 0, 126, 138, 100, 0, 0, 0, 37
770, 1, 0, 125, 138, 100, 0, 0, 0, 38
771, 1, 0, 126, 138, 100, 0, 0, 0, 38
772, 1, 0, 126, 141, 100, 0, 0, 0, 37
773, 1, 0, 122, 138, 100, 0, 0, 0, 47
774, 1, 0, 125, 136, 100, 0, 0, 0, 45
775, 1, 0, 127, 136, 100, 0, 0, 0, 38
776, 1, 0, 122, 135, 100, 0, 0, 0, 40
777, 1, 0, 126, 138, 100, 0, 0, 0, 35
778, 1, 0, 126, 136, 100, 0, 0, 0, 35
779, 1, 0, 122, 142, 100, 0, 0, 0, 38
780, 1, 0, 128, 136, 100, 0, 0, 0, 41
781, 1, 0, 127, 138, 100, 0, 0, 0, 36
782, 1, 0, 124, 140, 100, 0, 0, 0, 39
783, 1, 0, 129, 140, 100, 0, 0, 0, 37
784, 1, 0, 124, 138, 100, 0, 0, 0, 43
785, 1, 0, 129, 142, 100, 0, 0, 0, 37
786, 1, 0, 124, 140, 100, 0, 0, 0, 45
787, 1, 0, 125, 137, 100, 0, 0, 0, 47
788, 1, 0, 125, 138, 100, 0, 0, 0, 44
789, 1, 0, 124, 139, 100, 0, 0, 0, 44
790, 1, 0, 124, 142, 100, 0, 0, 0, 46
791, 1, 0, 128, 138, 100, 0, 0, 0, 46
792, 1, 0, 128, 139, 100, 0, 0, 0, 41
793, 1, 0, 128, 140, 100, 0, 0, 0, 38
794, 1, 0, 123, 140, 100, 0, 0, 0, 45
795, 1, 0, 126, 141, 100, 0, 0, 0, 45
796, 1, 0, 123, 134, 100, 0, 0, 0, 51
797, 1, 0, 123, 139, 100, 0, 0, 0, 45
798, 1, 0, 129, 137, 100, 0, 0, 0, 40
799, 1, 0, 124, 137, 100, 0, 0, 0, 40
800, 1, 0, 126, 141, 100, 0, 0, 0, 38
801, 1, 0, 126, 137, 100, 0, 0, 0, 42
802, 1, 0, 127, 150, 100, 0, 0, 0, 38
803, 1, 0, 127, 137, 100, 0, 0, 0, 54
804, 1, 0, 124, 136, 100, 0, 0, 0, 50
805, 1, 0, 126, 141, 100, 0, 0, 0, 43
806, 1, 0, 128, 139, 100, 0, 0, 0, 43
807, 1, 0, 128, 154, 100, 0, 0, 0, 40
808, 1, 0, 125, 141, 100, 0, 0, 0, 64
809, 1, 0, 127, 139, 100, 0, 0, 0, 59
810, 1, 0, 123, 139, 100, 0, 0, 0, 57
811, 1, 0, 129, 139, 100, 0, 0, 0, 48
812, 1, 0, 123, 138, 100, 0, 0, 0, 50
813, 1, 0, 124, 140, 100, 0, 0, 0, 48
814, 1, 0, 127, 138, 100, 0, 0, 0, 46
815, 1, 0, 126, 137, 100, 0, 0, 0, 43
816, 1, 0, 123, 142, 100, 0, 0, 0, 44
817, 1, 0, 123, 137, 100, 0, 0, 0, 51
818, 1, 0, 125, 136, 100, 0, 0, 0, 47
819, 1, 0, 127, 139, 100, 0, 0, 0, 39
820, 1, 0, 128, 136, 100, 0, 0, 0, 37
821, 1, 0, 122, 138, 100, 0, 0, 0, 39
822, 1, 0, 127, 136, 100, 0, 0, 0, 37
823, 1, 0, 123, 136, 100, 0, 0, 0, 38
824, 1, 0, 126, 138, 100, 0, 0, 0, 35
825, 1, 0, 126, 136, 100, 0, 0, 0, 35
826, 1, 0, 122, 139, 100, 0, 0, 0, 38
827, 1, 0, 127, 137, 100, 0, 0, 0, 38
828, 1, 0, 125, 144, 100, 0, 0, 0, 38
829, 1, 0, 127, 138, 100, 0, 0, 0, 45
830, 1, 0, 124, 138, 100, 0, 0, 0, 45
831, 1, 0, 127, 135, 100, 0, 0, 0, 41
832, 1, 0, 124, 137, 100, 0, 0, 0, 38
833, 1, 0, 124, 137, 100, 0, 0, 0, 39
834, 1, 0, 127, 138, 100, 0, 0, 0, 36
835, 1, 0, 123, 139, 100, 0, 0, 0, 40
836, 1, 0, 126, 138, 100, 0, 0, 0, 40
837, 1, 0, 128, 139, 100, 0, 0, 0, 37
838, 1, 0, 124, 138, 100, 0, 0, 0, 41
839, 1, 0, 124, 139, 100, 0, 0, 0, 42
840, 1, 0, 127, 138, 100, 0, 0, 0, 41
841, 1, 0, 124, 139, 100, 0, 0, 0, 42
842, 1, 0, 124, 137, 100, 0, 0, 0, 45
843, 1, 0, 125, 138, 100, 0, 0, 0, 42
844, 1, 0, 128, 143, 100, 0, 0, 0, 38
845, 1, 0, 128, 137, 100, 0, 0, 0, 42
846, 1, 0, 127, 142, 100, 0, 0, 0, 38
847, 1, 0, 125, 136, 100, 0, 0, 0, 45
848, 1, 0, 124, 139, 100, 0, 0, 0, 42
849, 1, 0, 124, 137, 100, 0, 0, 0, 44
850, 1, 0, 123, 138, 100, 0, 0, 0, 44
851, 1, 0, 126, 141, 100, 0, 0, 0, 42
852, 1, 0, 125, 139, 100, 0, 0, 0, 46
853, 1, 0, 123, 141, 100, 0, 0, 0, 48
854, 1, 0, 126, 139, 100, 0, 0, 0, 49
855, 1, 0, 125, 141, 100, 0, 0, 0, 48
856, 1, 0, 125, 139, 100, 0, 0, 0, 50
857, 1, 0, 124, 142, 100, 0, 0, 0, 50
858, 1, 0, 124, 140, 100, 0, 0, 0, 54
859, 1, 0, 127, 139, 100, 0, 0, 0, 50
860, 1, 0, 124, 139, 100, 0, 0, 0, 50
861, 1, 0, 128, 141, 100, 0, 0, 0, 44
862, 1, 0, 124, 138, 100, 0, 0, 0, 49
863, 1, 0, 126, 138, 100, 0, 0, 0, 45
864, 1, 0, 127, 141, 100, 0, 0, 0, 41
865, 1, 0, 128, 138, 100, 0, 0, 0, 42
866, 1, 0, 128, 138, 100, 0, 0, 0, 38
867, 1, 0, 124, 138, 100, 0, 0, 0, 40
868, 1, 0, 123, 141, 100, 0, 0, 0, 43
869, 1, 0, 125, 138, 100, 0, 0, 0, 47
870, 1, 0, 125, 136, 100, 0, 0, 0, 45
871, 1, 0, 124, 138, 100, 0, 0, 0, 42
872, 1, 0, 127, 138, 100, 0, 0, 0, 39
873, 1, 0, 128, 136, 100, 0, 0, 0, 36
874, 1, 0, 124, 140, 100, 0, 0, 0, 36
875, 1, 0, 128, 137, 100, 0, 0, 0, 36
876, 1, 0, 128, 137, 100, 0, 0, 0, 32
877, 1, 0, 129, 141, 100, 0, 0, 0, 28
878, 1, 0, 124, 139, 100, 0, 0, 0, 38
879, 1, 0, 124, 137, 100, 0, 0, 0, 42
880, 1, 0, 126, 137, 100, 0, 0, 0, 39
881, 1, 0, 128, 140, 100, 0, 0, 0, 34
882, 1, 0, 129, 143, 100, 0, 0, 0, 34
883, 1, 0, 127, 134, 100, 0, 0, 0, 41
884, 1, 0, 124, 138, 100, 0, 0, 0, 37
885, 1, 0, 129, 139, 100, 0, 0, 0, 33
886, 1, 0, 127, 139, 100, 0, 0, 0, 34
887, 1, 0, 129, 137, 100, 0, 0, 0, 33
888, 1, 0, 125, 138, 100, 0, 0, 0, 34
889, 1, 0, 128, 139, 100, 0, 0, 0, 32
890, 1, 0, 129, 136, 100, 0, 0, 0, 31
891, 1, 0, 127, 136, 100, 0, 0, 0, 29
892, 1, 0, 128, 138, 100, 0, 0, 0, 26
893, 1, 0, 128, 136, 100, 0, 0, 0, 27
894, 1, 0, 128, 137, 100, 0, 0, 0, 24
895, 1, 0, 124, 139, 100, 0, 0, 0, 29
896, 1, 0, 127, 141, 100, 0, 0, 0, 32
897, 1, 0, 124, 140, 100, 0, 0, 0, 41
898, 1, 0, 127, 138, 100, 0, 0, 0, 41
899, 1, 0, 123, 140, 100, 0, 0, 0, 44
900, 1, 0, 129, 141, 100, 0, 0, 0, 40
901, 1, 0, 129, 137, 100, 0, 0, 0, 40
902, 1, 0, 125, 141, 100, 0, 0, 0, 39
903, 1, 0, 123, 139, 100, 0, 0, 0, 47
904, 1, 0, 123, 136, 100, 0, 0, 0, 49
905, 1, 0, 126, 142, 100, 0, 0, 0, 42
906, 1, 0, 126, 139, 100, 0, 0, 0, 46
907, 1, 0, 126, 140, 100, 0, 0, 0, 45
908, 1, 0, 124, 141, 100, 0, 0, 0, 48
909, 1, 0, 124, 138, 100, 0, 0, 0, 51
910, 1, 0, 126, 139, 100, 0, 0, 0, 47
911, 1, 0, 129, 141, 100, 0, 0, 0, 41
912, 1, 0, 127, 151, 100, 0, 0, 0, 43
913, 1, 0, 123, 139, 100, 0, 0, 0, 64
914, 1, 0, 125, 143, 100, 0, 0, 0, 58
915, 1, 0, 122, 139, 100, 0, 0, 0, 64
916, 1, 0, 125, 142, 100, 0, 0, 0, 58
917, 1, 0, 125, 143, 100, 0, 0, 0, 59
918, 1, 0, 123, 142, 100, 0, 0, 0, 63
919, 1, 0, 127, 137, 100, 0, 0, 0, 59
920, 1, 0, 123, 139, 100, 0, 0, 0, 55
921, 1, 0, 122, 136, 100, 0, 0, 0, 56
922, 1, 0, 124, 139, 100, 0, 0, 0, 50
923, 1, 0, 122, 139, 100, 0, 0, 0, 52
924, 1, 0, 129, 137, 100, 0, 0, 0, 45
925, 1, 0, 126, 139, 100, 0, 0, 0, 41
926, 1, 0, 123, 138, 100, 0, 0, 0, 45
927, 1, 0, 126, 139, 100, 0, 0, 0, 42
928, 1, 0, 121, 138, 100, 0, 0, 0, 49
929, 1, 0, 125, 143, 100, 0, 0, 0, 46
930, 1, 0, 123, 138, 100, 0, 0, 0, 54
931, 1, 0, 127, 140, 100, 0, 0, 0, 47
932, 1, 0, 127, 141, 100, 0, 0, 0, 46
933, 1, 0, 125, 137, 100, 0, 0, 0, 48
934, 1, 0, 123, 139, 100, 0, 0, 0, 47
935, 1, 0, 126, 142, 100, 0, 0, 0, 45
936, 1, 0, 123, 142, 100, 0, 0, 0, 52
937, 1, 0, 126, 136, 100, 0, 0, 0, 53
938, 1, 0, 124, 139, 100, 0, 0, 0, 48
939, 1, 0, 127, 137, 100, 0, 0, 0, 45
940, 1, 0, 124, 141, 100, 0, 0, 0, 43
941, 1, 0, 127, 136, 100, 0, 0, 0, 44
942, 1, 0, 124, 135, 100, 0, 0, 0, 42
943, 1, 0, 122, 139, 100, 0, 0, 0, 41
944, 1, 0, 127, 139, 100, 0, 0, 0, 40
945, 1, 0, 129, 139, 100, 0, 0, 0, 36
946, 1, 0, 125, 136, 100, 0, 0, 0, 39
947, 1, 0, 126, 137, 100, 0, 0, 0, 36
948, 1, 0, 123, 136, 100, 0, 0, 0, 38
949, 1, 0, 128, 136, 100, 0, 0, 0, 32
950, 1, 0, 126, 136, 100, 0, 0, 0, 31
951, 1, 0, 124, 138, 100, 0, 0, 0, 33
952, 1, 0, 124, 137, 100, 0, 0, 0, 37
953, 1, 0, 126, 135, 100, 0, 0, 0, 35
954, 1, 0, 122, 139, 100, 0, 0, 0, 37
955, 1, 0, 124, 140, 100, 0, 0, 0, 41
956, 1, 0, 126, 141, 100, 0, 0, 0, 43
957, 1, 0, 127, 142, 100, 0, 0, 0, 44
958, 1, 0, 127, 138, 100, 0, 0, 0, 46
959, 1, 0, 128, 140, 100, 0, 0, 0, 41
960, 1, 0, 127, 137, 100, 0, 0, 0, 41
961, 1, 0, 127, 138, 100, 0, 0, 0, 37
962, 1, 0, 128, 137, 100, 0, 0, 0, 34
963, 1, 0, 126, 137, 100, 0, 0, 0, 34
964, 1, 0, 126, 136, 100, 0, 0, 0, 33
965, 1, 0, 124, 140, 100, 0, 0, 0, 34
966, 1, 0, 128, 140, 100, 0, 0, 0, 35
967, 1, 0, 124, 140, 100, 0, 0, 0, 41
968, 1, 0, 129, 151, 100, 0, 0, 0, 39
969, 1, 0, 128, 141, 100, 0, 0, 0, 55
970, 1, 0, 123, 141, 100, 0, 0, 0, 58
971, 1, 0, 125, 141, 100, 0, 0, 0, 57
972, 1, 0, 123, 140, 100, 0, 0, 0, 59
973, 1, 0, 126, 137, 100, 0, 0, 0, 55
974, 1, 0, 128, 141, 100, 0, 0, 0, 45
975, 1, 0, 123, 151, 100, 0, 0, 0, 51
976, 1, 0, 127, 139, 100, 0, 0, 0, 65
977, 1, 0, 124, 151, 100, 0, 0, 0, 60
978, 1, 0, 126, 140, 100, 0, 0, 0, 72
979, 1, 0, 128, 141, 100, 0, 0, 0, 61
980, 1, 0, 122, 143, 100, 0, 0, 0, 63
981, 1, 0, 124, 138, 100, 0, 0, 0, 65
982, 1, 0, 124, 138, 100, 0, 0, 0, 59
983, 1, 0, 123, 141, 100, 0, 0, 0, 56
984, 1, 0, 128, 136, 100, 0, 0, 0, 52
985, 1, 0, 127, 126, 100, 0, 0, 0, 43
986, 1, 0, 126, 140, 100, 0, 0, 0, 25
987, 1, 0, 125, 141, 100, 0, 0, 0, 33
988, 1, 0, 128, 143, 100, 0, 0, 0, 36
989, 1, 0, 124, 141, 100, 0, 0, 0, 46
990, 1, 0, 125, 139, 100, 0, 0, 0, 49
991, 1, 0, 124, 143, 100, 0, 0, 0, 49
992, 1, 0, 128, 140, 100, 0, 0, 0, 50
993, 1, 0, 127, 142, 100, 0, 0, 0, 47
994, 1, 0, 127, 137, 100, 0, 0, 0, 49
995, 1, 0, 128, 151, 100, 0, 0, 0, 41
996, 1, 0, 126, 141, 100, 0, 0, 0, 59
997, 1, 0, 125, 139, 100, 0, 0, 0, 58
998, 1, 0, 123, 139, 100, 0, 0, 0, 56
999, 1, 0, 125, 150, 100, 0, 0, 0, 53
1000, 1, 0, 122, 139, 100, 0, 0, 0, 71
1001, 1, 0, 127, 141, 100, 0, 0, 0, 60
1002, 1, 0, 124, 147, 100, 0, 0, 0, 60
1003, 1, 0, 126, 142, 100, 0, 0, 0, 66
1004, 1, 0, 126, 139, 100, 0, 0, 0, 63
1005, 1, 0, 124, 135, 100, 0, 0, 0, 59
1006, 1, 0, 122, 139, 100, 0, 0, 0, 53
1007, 1, 0, 123, 137, 100, 0, 0, 0, 53
1008, 1, 0, 125, 138, 100, 0, 0, 0, 48
1009, 1, 0, 127, 142, 100, 0, 0, 0, 43
1010, 1, 0, 124, 143, 100, 0, 0, 0, 49
1011, 1, 0, 125, 141, 100, 0, 0, 0, 54
1012, 1, 0, 126, 140, 100, 0, 0, 0, 53
1013, 1, 0, 122, 144, 100, 0, 0, 0, 56
1014, 1, 0, 125, 141, 100, 0, 0, 0, 60
1015, 1, 0, 126, 141, 100, 0, 0, 0, 57
1016, 1, 0, 123, 141, 100, 0, 0, 0, 59
1017, 1, 0, 123, 141, 100, 0, 0, 0, 61
1018, 1, 0, 125, 141, 100, 0, 0, 0, 59
1019, 1, 0, 121, 140, 100, 0, 0, 0, 63
1020, 1, 0, 127, 142, 100, 0, 0, 0, 56
1021, 1, 0, 124, 140, 100, 0, 0, 0, 58
1022, 1, 0, 126, 139, 100, 0, 0, 0, 55
1023, 1, 0, 126, 139, 100, 0, 0, 0, 51
1024, 1, 0, 124, 144, 100, 0, 0, 0, 50
1025, 1, 0, 122, 141, 100, 0, 0, 0, 60
1026, 1, 1, 122, 142, 100, 0, 0, 0, 62
1027, 1, 1, 123, 140, 100, 0, 0, 0, 64
1028, 1, 1, 124, 144, 100, 0, 0, 0, 61
1029, 1, 0, 126, 143, 100, 0, 0, 0, 62
1030, 1, 0, 125, 139, 100, 0, 0, 0, 63
1031, 1, 0, 125, 136, 100, 0, 0, 0, 58
1032, 1, 0, 128, 151, 100, 0, 0, 0, 46
1033, 1, 0, 123, 140, 100, 0, 0, 0, 66
1034, 1, 0, 129, 142, 100, 0, 0, 0, 56
1035, 1, 0, 129, 142, 100, 0, 0, 0, 52
1036, 1, 0, 128, 152, 100, 0, 0, 0, 50
1037, 1, 0, 127, 136, 100, 0, 0, 0, 66
1038, 1, 0, 124, 145, 100, 0, 0, 0, 57
1039, 1, 0, 122, 151, 100, 0, 0, 0, 66
1040, 1, 0, 129, 138, 100, 0, 0, 0, 73
1041, 1, 0, 122, 141, 100, 0, 0, 0, 67
1042, 1, 0, 121, 142, 100, 0, 0, 0, 68
1043, 1, 0, 123, 138, 100, 0, 0, 0, 68
1044, 1, 0, 126, 154, 100, 0, 0, 0, 58
1045, 1, 0, 126, 141, 100, 0, 0, 0, 76
1046, 1, 0, 128, 157, 100, 0, 0, 0, 65
1047, 1, 0, 124, 140, 100, 0, 0, 0, 88
1048, 1, 0, 127, 137, 100, 0, 0, 0, 74
1049, 1, 0, 121, 141, 100, 0, 0, 0, 67
1050, 1, 0, 124, 141, 100, 0, 0, 0, 65
1051, 1, 0, 128, 150, 100, 0, 0, 0, 58
1052, 1, 0, 122, 140, 100, 0, 0, 0, 74
1053, 1, 0, 127, 140, 100, 0, 0, 0, 64
1054, 1, 0, 122, 142, 100, 0, 0, 0, 64
1055, 1, 0, 127, 138, 100, 0, 0, 0, 60
1056, 1, 0, 126, 142, 100, 0, 0, 0, 52
1057, 1, 0, 125, 152, 100, 0, 0, 0, 55
1058, 1, 0, 123, 139, 100, 0, 0, 0, 74
1059, 1, 0, 123, 141, 100, 0, 0, 0, 68
1060, 1, 0, 123, 136, 100, 0, 0, 0, 66
1061, 1, 0, 123, 143, 100, 0, 0, 0, 58
1062, 1, 0, 124, 141, 100, 0, 0, 0, 61
1063, 1, 0, 125, 142, 100, 0, 0, 0, 59
1064, 1, 0, 123, 134, 100, 0, 0, 0, 62
1065, 1, 0, 128, 153, 100, 0, 0, 0, 46
1066, 1, 0, 126, 139, 100, 0, 0, 0, 66
1067, 1, 0, 123, 153, 100, 0, 0, 0, 62
1068, 1, 0, 127, 139, 100, 0, 0, 0, 76
1069, 1, 0, 128, 138, 100, 0, 0, 0, 62
1070, 1, 0, 128, 146, 100, 0, 0, 0, 52
1071, 1, 0, 127, 126, 100, 0, 0, 0, 57
1072, 1, 0, 129, 147, 100, 0, 0, 0, 31
1073, 1, 0, 127, 143, 100, 0, 0, 0, 45
1074, 1, 0, 124, 143, 100, 0, 0, 0, 52
1075, 1, 0, 127, 143, 100, 0, 0, 0, 54
1076, 1, 0, 127, 147, 100, 0, 0, 0, 54
1077, 1, 0, 126, 151, 100, 0, 0, 0, 62
1078, 1, 0, 123, 142, 100, 0, 0, 0, 78
1079, 1, 0, 126, 140, 100, 0, 0, 0, 71
1080, 1, 0, 126, 144, 100, 0, 0, 0, 63
1081, 1, 0, 124, 143, 100, 0, 0, 0, 66
1082, 1, 0, 128, 143, 100, 0, 0, 0, 62
1083, 1, 0, 125, 141, 100, 0, 0, 0, 63
1084, 1, 0, 126, 142, 100, 0, 0, 0, 59
1085, 1, 0, 125, 140, 100, 0, 0, 0, 59
1086, 1, 0, 127, 144, 100, 0, 0, 0, 54
1087, 1, 0, 126, 141, 100, 0, 0, 0, 57
1088, 1, 0, 126, 140, 100, 0, 0, 0, 55
1089, 1, 0, 121, 138, 100, 0, 0, 0, 59
1090, 1, 0, 126, 151, 100, 0, 0, 0, 52
1091, 1, 0, 125, 138, 100, 0, 0, 0, 68
1092, 1, 0, 125, 139, 100, 0, 0, 0, 59
1093, 1, 0, 125, 138, 100, 0, 0, 0, 55
1094, 1, 0, 123, 138, 100, 0, 0, 0, 53
1095, 1, 0, 121, 140, 100, 0, 0, 0, 55
1096, 1, 0, 125, 140, 100, 0, 0, 0, 53
1097, 1, 0, 122, 143, 100, 0, 0, 0, 56
1098, 1, 0, 121, 139, 100, 0, 0, 0, 64
1099, 1, 0, 127, 143, 100, 0, 0, 0, 56
1100, 1, 0, 127, 137, 100, 0, 0, 0, 56
1101, 1, 0, 128, 140, 100, 0, 0, 0, 46
1102, 1, 0, 128, 140, 100, 0, 0, 0, 43
1103, 1, 0, 129, 139, 100, 0, 0, 0, 40
1104, 1, 0, 128, 138, 100, 0, 0, 0, 38
1105, 1, 0, 129, 138, 100, 0, 0, 0, 34
1106, 1, 0, 129, 136, 100, 0, 0, 0, 31
1107, 1, 0, 127, 137, 100, 0, 0, 0, 28
1108, 1, 0, 124, 143, 100, 0, 0, 0, 32
1109, 1, 0, 124, 138, 100, 0, 0, 0, 44
1110, 1, 0, 124, 136, 100, 0, 0, 0, 44
1111, 1, 0, 125, 138, 100, 0, 0, 0, 40
1112, 1, 0, 127, 141, 100, 0, 0, 0, 38
1113, 1, 0, 124, 137, 100, 0, 0, 0, 45
1114, 1, 0, 125, 137, 100, 0, 0, 0, 42
1115, 1, 0, 125, 136, 100, 0, 0, 0, 40
1116, 1, 0, 122, 140, 100, 0, 0, 0, 42
1117, 1, 0, 124, 137, 100, 0, 0, 0, 46
1118, 1, 0, 127, 139, 100, 0, 0, 0, 40
1119, 1, 0, 126, 141, 100, 0, 0, 0, 41
1120, 1, 0, 123, 138, 100, 0, 0, 0, 48
1121, 1, 0, 127, 139, 100, 0, 0, 0, 43
1122, 1, 0, 126, 138, 100, 0, 0, 0, 43
1123, 1, 0, 124, 139, 100, 0, 0, 0, 43
1124, 1, 0, 124, 137, 100, 0, 0, 0, 45
1125, 1, 0, 125, 138, 100, 0, 0, 0, 43
1126, 1, 0, 124, 140, 100, 0, 0, 0, 43
1127, 1, 0, 122, 136, 100, 0, 0, 0, 49
1128, 1, 0, 123, 141, 100, 0, 0, 0, 47
1129, 1, 0, 127, 138, 100, 0, 0, 0, 47
1130, 1, 0, 123, 138, 100, 0, 0, 0, 48
1131, 1, 0, 123, 138, 100, 0, 0, 0, 48
1132, 1, 0, 125, 138, 100, 0, 0, 0, 46
1133, 1, 0, 126, 140, 100, 0, 0, 0, 43
1134, 1, 0, 121, 135, 100, 0, 0, 0, 50
1135, 1, 0, 126, 138, 100, 0, 0, 0, 42
1136, 1, 0, 123, 139, 100, 0, 0, 0, 44
1137, 1, 0, 125, 135, 100, 0, 0, 0, 45
1138, 1, 0, 127, 135, 100, 0, 0, 0, 36
1139, 1, 0, 127, 136, 100, 0, 0, 0, 31
1140, 1, 0, 123, 137, 100, 0, 0, 0, 34
1141, 1, 0, 123, 136, 100, 0, 0, 0, 37
1142, 1, 0, 124, 136, 100, 0, 0, 0, 37
1143, 1, 0, 128, 137, 100, 0, 0, 0, 32
1144, 1, 0, 125, 140, 100, 0, 0, 0, 33
1145, 1, 0, 124, 139, 100, 0, 0, 0, 40
1146, 1, 0, 128, 138, 100, 0, 0, 0, 38
1147, 1, 0, 125, 137, 100, 0, 0, 0, 38
1148, 1, 0, 125, 137, 100, 0, 0, 0, 38
1149, 1, 0, 122, 139, 100, 0, 0, 0, 41
1150, 1, 0, 125, 137, 100, 0, 0, 0, 43
1151, 1, 0, 126, 141, 100, 0, 0, 0, 39
1152, 1, 0, 122, 137, 100, 0, 0, 0, 48
1153, 1, 0, 122, 140, 100, 0, 0, 0, 48
1154, 1, 0, 127, 139, 100, 0, 0, 0, 46
1155, 1, 0, 124, 137, 100, 0, 0, 0, 47
1156, 1, 0, 125, 140, 100, 0, 0, 0, 44
1157, 1, 0, 126, 139, 100, 0, 0, 0, 45
1158, 1, 0, 126, 140, 100, 0, 0, 0, 44
1159, 1, 0, 123, 140, 100, 0, 0, 0, 48
1160, 1, 0, 127, 142, 100, 0, 0, 0, 46
1161, 1, 0, 125, 125, 100, 0, 0, 0, 50
1162, 1, 0, 126, 143, 100, 0, 0, 0, 28
1163, 1, 0, 127, 145, 100, 0, 0, 0, 37
1164, 1, 0, 127, 146, 100, 0, 0, 0, 46
1165, 1, 0, 127, 145, 100, 0, 0, 0, 54
1166, 1, 0, 128, 148, 100, 0, 0, 0, 56
1167, 1, 0, 126, 144, 100, 0, 0, 0, 65
1168, 1, 0, 124, 143, 100, 0, 0, 0, 68
1169, 1, 0, 123, 137, 100, 0, 0, 0, 69
1170, 1, 0, 128, 139, 100, 0, 0, 0, 55
1171, 1, 0, 129, 141, 100, 0, 0, 0, 47
1172, 1, 0, 124, 143, 100, 0, 0, 0, 51
1173, 1, 0, 123, 140, 100, 0, 0, 0, 57
1174, 1, 0, 123, 143, 100, 0, 0, 0, 58
1175, 1, 0, 127, 139, 100, 0, 0, 0, 57
1176, 1, 0, 126, 140, 100, 0, 0, 0, 52
1177, 1, 0, 129, 141, 100, 0, 0, 0, 46
1178, 1, 0, 124, 137, 100, 0, 0, 0, 51
1179, 1, 0, 125, 152, 100, 0, 0, 0, 46
1180, 1, 0, 128, 152, 100, 0, 0, 0, 62
1181, 1, 0, 128, 143, 100, 0, 0, 0, 73
1182, 1, 0, 127, 138, 100, 0, 0, 0, 68
1183, 1, 0, 127, 142, 100, 0, 0, 0, 57
1184, 1, 0, 128, 139, 100, 0, 0, 0, 54
